time,_pika_interface_velocity_max,_pika_interface_velocity_min,grad_T_y,k_x_eff,k_y_eff,temperature
0,0,0,-180,0,0,268
5,1.0839839699508e-07,-4.6329748687588e-07,-180,0.058916784215243,0.057104233972615,268
10.5,1.5754262367201e-07,-5.6017806535684e-07,-180,0.058809181237258,0.056992412922516,268
16.55,1.9531137108295e-07,-6.1954145485274e-07,-180,0.0587577590136,0.05693968824883,268

